id,start_timestamp,duration,end_timestamp,start_frame_index,index,end_frame_index,confidence,filter_response,base_data
1,148347.3203315,0.1920749999990221,148347.5124065,61,64,67,0.530559439866368,0.5988857799200794 0.6931528987802532 0.7766596959791495 0.8159060597514356 0.7305832911515369 0.5840488428945088 0.4292726829380398 0.495415769913541 0.4038837766303751 0.24029759279983134 0.07811208500781774 0.0782694877392826 -0.10022500432353328 -0.2798229660053937 -0.4562770255090902 -0.6073549207618831 -0.6999475133544756 -0.6462981290151665 -0.607047420437418 -0.7768200091380911 -0.7305396478124385 -0.6761573578111696 -0.6050729467552164 -0.6233756523631041,148347.3203315 148347.32841349998 148347.33626749998 148347.3443995 148347.3523565 148347.36041249998 148347.3682695 148347.3763795 148347.38449949998 148347.39238849998 148347.4004625 148347.4084475 148347.4165075 148347.4244165 148347.43247849998 148347.4404375 148347.4484695 148347.45647049998 148347.4643895 148347.4725055 148347.4803905 148347.4884335 148347.4964175 148347.5044705
2,148349.3043265,0.20414400001754984,148349.5084705,117,120,123,0.5681609034281816,0.5793915208697822 0.6742952449309007 0.7668878375234932 0.7939962456386963 0.8292195745955473 0.7366269820029548 0.6440343894103622 0.6431084634844364 0.6562588912523006 0.5636662986597082 0.3794070394004489 0.22131942268307503 0.04458858790757426 -0.12635181567750647 -0.3107709542415103 -0.36315114164634027 -0.46863069443631084 -0.5612232870289035 -0.6538158796214959 -0.6547418055474219 -0.7173734328169572 -0.8099660254095497 -0.7192252846688089 -0.6808278290118389 -0.6051439372386151,148349.3043265 148349.3124625 148349.3203225 148349.3283205 148349.33641249998 148349.34446649998 148349.3523445 148349.36043449998 148349.36836649998 148349.37632749998 148349.38435849998 148349.3923035 148349.4004325 148349.4086355 148349.42030549998 148349.4284105 148349.43640449998 148349.44444249998 148349.4523685 148349.4603785 148349.46836549998 148349.4764235 148349.48438349998 148349.4923655 148349.50028049998
3,148351.9204185,0.20001999998930842,148352.1204385,195,198,201,0.5691509094679734,0.5788824343411123 0.694539060786388 0.7818768251113533 0.892882416574513 0.8002898239819204 0.8012951349243046 0.7206938434002653 0.5493273310937856 0.3932968969445028 0.3558004424373239 0.20638196808982082 0.14780214480435397 -0.027855613201989184 -0.19961441615457892 -0.36046270477895387 -0.5430933499039545 -0.6290970243051317 -0.7082676514517303 -0.7973761593940005 -0.729793738499269 -0.6955106479784808 -0.7070059195844735 -0.6764542233192882 -0.6537320205485374 -0.5774409450893044,148351.9204185 148351.92848049998 148351.9365235 148351.9445195 148351.95244249998 148351.9603905 148351.9684635 148351.9764365 148351.9844205 148351.9925465 148352.0004645 148352.0084795 148352.01638749999 148352.02441349998 148352.0323855 148352.04035549998 148352.0484145 148352.0563905 148352.0644025 148352.0724175 148352.08047349998 148352.08839249998 148352.09648049998 148352.1044775 148352.1124175
4,148357.9483695,0.19186200000694953,148358.1402315,375,378,381,0.46687822371215154,0.5646878822046044 0.624085124891971 0.6870508590294001 0.6066538458684826 0.5191325985786838 0.4265400059860912 0.4756254647750346 0.4871148386620611 0.3922551502917451 0.3597459884702241 0.25596263209947473 0.18524001030372597 0.020666685252524086 -0.13410110176247247 -0.27811398672370663 -0.3606823474232543 -0.4390522618048467 -0.5127110857718267 -0.6724750095042137 -0.6734009354301396 -0.6401929995626534 -0.6460048777116082 -0.6275571421922873 -0.6160245347906043,148357.9483695 148357.9562735 148357.9642505 148357.9722265 148357.9804215 148357.9882475 148357.9962965 148358.0042545 148358.0123415 148358.0203015 148358.0284095 148358.0363135 148358.0444445 148358.0524095 148358.06044549998 148358.0682505 148358.0763745 148358.0844145 148358.0924535 148358.1003935 148358.1083475 148358.1163545 148358.12438249998 148358.1322545
5,148359.3524285,0.22396800000569783,148359.5763965,417,420,424,0.5919550158856667,0.5064545274953544 0.5502448557456328 0.6353303205940452 0.626737565991613 0.5341449733990203 0.5997297698952097 0.6860507464440467 0.7625555412251742 0.853296281965915 0.8336320970512201 0.649372837791961 0.4737771514004131 0.31930889428225867 0.23172823778170182 0.06501421743234058 -0.06957829415533218 -0.16217088674792474 -0.3281638156486661 -0.5102131928119735 -0.687354479091426 -0.8716137383506852 -1.0006705347822267 -0.9099297940414861 -0.8365161990361681 -0.8053574625776371 -0.7615671343273587 -0.6984097436622337 -0.6058171510696411,148359.3524285 148359.3605315 148359.36840849998 148359.37631249998 148359.3844375 148359.39249549998 148359.4003755 148359.4083985 148359.41627349998 148359.42442549998 148359.43242949998 148359.4402785 148359.4482715 148359.45637549998 148359.4643835 148359.4723495 148359.4803575 148359.4883715 148359.49638949998 148359.5042735 148359.5123875 148359.52038549999 148359.5284245 148359.5363815 148359.5445745 148359.5524045 148359.5604515 148359.56840249998
6,148364.5883405,0.18392800001311116,148364.7722685,573,576,579,0.5684167534828568,0.5413662922698222 0.6222902160095029 0.6882180029690451 0.7716701846526912 0.8110202163552981 0.805228776412848 0.6501893577861333 0.4833252165161669 0.44386354227206914 0.26909905920875987 0.08485184141229303 0.022721415196726887 -0.16246376998845827 -0.34079926114238723 -0.509918185415772 -0.689848597522816 -0.8463108010961133 -0.844803970013777 -0.8125029105381256 -0.753830405141742 -0.7316739818358272 -0.6400909594709635 -0.547498366878371,148364.5883405 148364.59641949998 148364.60423949998 148364.61240349998 148364.6202715 148364.6284545 148364.63629949998 148364.6443165 148364.6524085 148364.6604225 148364.6683085 148364.6763345 148364.6844215 148364.69258149998 148364.7003535 148364.7083345 148364.71637049998 148364.7243075 148364.7323115 148364.74025449998 148364.74835449998 148364.7563545 148364.7643375
7,148365.4042655,0.24005900000338443,148365.6443245,598,601,605,0.6180539727094455,0.5529518057340487 0.6234927328086223 0.7059804782261112 0.7657626510208063 0.8661785795170611 0.9331194081229955 0.9816340458051687 0.8890414532125759 0.7964488606199835 0.7065252039709238 0.6139326113783313 0.5213400187857387 0.4297275942243142 0.27544823415956055 0.13057106529223753 -0.0098267262170376 -0.16631851135477915 -0.31610155088931263 -0.4666690758522675 -0.5499785596011627 -0.6176079763848134 -0.6904449185277238 -0.7801208682072046 -0.8681496104146258 -0.8182832717895506 -0.7619531130349194 -0.7361942593698146 -0.6995949544288492 -0.6643891619311436 -0.6038318804016819,148365.4042655 148365.4123725 148365.4203865 148365.4283525 148365.43636949998 148365.44444249998 148365.4523955 148365.46044949998 148365.4683365 148365.4763825 148365.4843285 148365.49242149998 148365.5003655 148365.5083735 148365.5162615 148365.5243805 148365.53233249998 148365.54022149998 148365.54824049998 148365.5563685 148365.56434749998 148365.57228949998 148365.5803375 148365.5883375 148365.59633549998 148365.60426249998 148365.6123565 148365.6203395 148365.6284285 148365.6363395
8,148366.72844049998,0.21592600000440143,148366.94436649999,637,640,644,0.5405094835697765,0.5916462904751424 0.6372401215048994 0.722434497284793 0.782474697482931 0.7681180467949011 0.6755254542023083 0.5830415683400992 0.49044897574750684 0.5428791987834208 0.43507806958100853 0.3794405073893958 0.33001229055232517 0.16719286528733085 0.0975203055259883 -0.07256671407646924 -0.23248786900820873 -0.3614122079141084 -0.44759661684372126 -0.5401892094363139 -0.6327818020289064 -0.7978858024357521 -0.7620681482756898 -0.7467239156654273 -0.7557125334123458 -0.7078514606601347 -0.7052878342267207 -0.6281390534481182,148366.72844049998 148366.7363665 148366.7443275 148366.7522725 148366.7604615 148366.7683265 148366.7763035 148366.78431249998 148366.7923995 148366.80044249998 148366.8084715 148366.8162915 148366.8242875 148366.8323555 148366.8402915 148366.84830349998 148366.8562795 148366.86445649998 148366.8723575 148366.8803585 148366.88829049998 148366.89641349998 148366.90436749998 148366.9123235 148366.9202955 148366.9284145 148366.9363215
9,148371.9644045,0.1839369999943301,148372.1483415,794,796,799,0.5502071732352076,0.5393344641835599 0.6338120536671742 0.719790142222687 0.8056736249614642 0.7649578142873253 0.8222781386464421 0.7251261834569138 0.5746798932376422 0.4183451884146782 0.25536307558313864 0.2721911152027965 0.1026030747802863 -0.0686271784658091 -0.2491028902883188 -0.428051801540164 -0.6056355953392465 -0.6199994276895154 -0.7833335556189909 -0.7361464669131158 -0.6844343435809155 -0.6404794281103685 -0.5845057327262368 -0.620293795492983,148371.9644045 148371.9723315 148371.9803495 148371.9883335 148371.9963425 148372.00439649998 148372.01236249998 148372.0203475 148372.0284065 148372.0363605 148372.0443815 148372.0523485 148372.0604895 148372.0683925 148372.07637149998 148372.0843165 148372.0924265 148372.1003775 148372.1085095 148372.1162515 148372.1243425 148372.1323835 148372.1403065
10,148372.8604445,0.22381999998469837,148373.08426449998,820,823,827,0.6106763352630437,0.5909810331414905 0.6802062778843433 0.7808318601996469 0.8203171061427164 0.9282413140773431 0.8420922760892456 0.7517737110738061 0.7598125554540934 0.6804175957129249 0.7284502486105654 0.6396686776638366 0.4641343585938764 0.3230964518323539 0.16092482419604487 0.00019902311668348503 -0.13282589459181937 -0.29796505448315974 -0.3799161759723667 -0.4558774666585855 -0.5811174433153299 -0.6524138316676887 -0.8089130046944714 -0.9002167958554079 -0.8256320290341632 -0.8095970108903326 -0.7550459404032751 -0.705081441812735 -0.643187984196918,148372.8604445 148372.8683565 148372.87644649998 148372.88432749998 148372.8924125 148372.90034249998 148372.9084275 148372.9163425 148372.92469349998 148372.9322775 148372.9403975 148372.94827649998 148372.9563475 148372.9643695 148372.9723345 148372.9803275 148372.9882995 148372.9964645 148373.00426349998 148373.0123345 148373.0203485 148373.0283935 148373.03635349998 148373.0443475 148373.05224649998 148373.06044549998 148373.0682865 148373.07637549998
11,148374.1003845,0.2040080000006128,148374.3043925,857,860,863,0.5131009017330967,0.5249036774591161 0.6050763177650945 0.6987308664454353 0.7823524743318556 0.8048755039273436 0.7805006332119695 0.6908587464831883 0.5982661538905958 0.5097332502105006 0.41714065761790825 0.41894474735815945 0.32844956494993266 0.19591316310631554 0.023581062812061074 -0.15349377906697112 -0.3052855172062296 -0.33640766646814185 -0.3605687714208771 -0.4380743853395348 -0.5242962568921787 -0.6123063229775701 -0.7048989155701628 -0.711284872828443 -0.6826200443778517 -0.6189591916099807,148374.1003845 148374.1084145 148374.1163435 148374.1242285 148374.1324175 148374.1402425 148374.1482945 148374.15632449999 148374.1642875 148374.1723525 148374.1802985 148374.1882475 148374.2004325 148374.2084075 148374.2163675 148374.2244605 148374.2324935 148374.2403675 148374.2483815 148374.2562705 148374.2643945 148374.2724005 148374.2804195 148374.2882315 148374.29631049998
12,148379.96840749998,0.2319990000105463,148380.2004065,1032,1035,1039,0.6147785819431164,0.5017468908198974 0.5943394834124901 0.7031578400500915 0.7921928521539847 0.8847854447465773 0.9617483970071948 0.9836450462972093 0.8910524537046167 0.7984598611120242 0.7058672685194316 0.616955737371298 0.43937059783179144 0.41978411510128943 0.27698452683604696 0.1138830281086018 -0.04555217788081197 -0.21047693302139903 -0.37669558358319094 -0.5114443172891353 -0.5974145578997525 -0.6623430509138408 -0.7481645779357434 -0.8275024607105909 -0.7298189599085155 -0.7520627432399325 -0.7436902829894313 -0.6948585210023103 -0.6502083063125609 -0.5943728605906167,148379.96840749998 148379.9763505 148379.98555749998 148379.9924055 148380.00037949998 148380.00852049998 148380.01647449998 148380.02441349998 148380.0324115 148380.0403885 148380.0483565 148380.05642749998 148380.06440849998 148380.0724015 148380.0803575 148380.0884175 148380.0963895 148380.1043685 148380.1124845 148380.1204405 148380.12846449998 148380.13638349998 148380.1444455 148380.1524355 148380.1604385 148380.16840249998 148380.1764415 148380.1844565 148380.19240149998
13,148381.5724115,0.4119629999913741,148381.9843745,1080,1086,1093,0.4016700315508946,0.5496944394637121 0.6387116639962988 0.6995302401467689 0.7453460457408955 0.6572323227630803 0.5647589670547817 0.5627079635132892 0.3775227783281041 0.355041923772184 0.3808325483971998 0.21754146826672877 0.1782616743074437 0.012956823658493053 -0.1580471306196052 -0.3118349676039569 -0.44928641321880697 -0.44928641321880697 -0.4492864132188068 -0.35705720774435695 -0.17187202255917183 -0.10518210067208542 -0.06776292475025013 0.07363405032550699 0.15975401820959864 0.21351186765564814 0.3035595330760654 0.45775961896326783 0.5942541120062489 0.5942541120062491 0.5942541120062489 0.5025874453395824 0.40999485274698977 0.34265631214879144 0.20196016968744576 0.06851221905054676 -0.06743498193652732 -0.03265895173161306 -0.03113608216435979 -0.19153976429029906 -0.3356507982332633 -0.4195245503239293 -0.508432118866975 -0.5949784328503979 -0.673048304072929 -0.7634291117905703 -0.6900596972672123 -0.6466927043520941 -0.6148887310570236 -0.6434444931625415 -0.6849103482654781 -0.6108956624933947,148381.5724115 148381.5804065 148381.5883255 148381.59630049998 148381.60437749999 148381.61241849998 148381.62032249998 148381.62827749999 148381.63641049998 148381.6444435 148381.65241349998 148381.6603785 148381.6723675 148381.6804295 148381.6883395 148381.69629949998 148381.7043825 148381.7124665 148381.72036049998 148381.7284005 148381.7364145 148381.7443915 148381.7523565 148381.76039349998 148381.7682575 148381.7764835 148381.7843455 148381.79235849998 148381.80025849998 148381.8084435 148381.81637649998 148381.8244325 148381.83233049998 148381.8403975 148381.84834549998 148381.8563065 148381.8642655 148381.8723805 148381.88034449998 148381.88839749998 148381.8963625 148381.90434749998 148381.9124175 148381.9204145 148381.9283645 148381.9364285 148381.9444745 148381.9523715 148381.96065949998 148381.96825449998 148381.9763745
14,148386.6964615,0.18785899999784306,148386.8843205,1233,1236,1239,0.5901661312744152,0.5233331143076037 0.6213905697943249 0.7095403425443317 0.7732997953111741 0.8436019505939364 0.8290368156207505 0.7713963425728582 0.8014532303731691 0.6374695718651511 0.4862772467322864 0.32115013382268687 0.15638313782755386 -0.027737580148274436 -0.20895874739477496 -0.3727474766385832 -0.5435160919108932 -0.7121675722765758 -0.7173039739789359 -0.7226081085332691 -0.786573340012219 -0.7237420143487585 -0.6723273623455761 -0.6118065003578618,148386.6964615 148386.7044195 148386.7124645 148386.7204345 148386.7283855 148386.7363705 148386.74444349998 148386.7524445 148386.76044749998 148386.76837049998 148386.7764845 148386.7843875 148386.7924255 148386.8003865 148386.80852649998 148386.8204225 148386.8285515 148386.83637849998 148386.84445849998 148386.8523655 148386.8603875 148386.8683915 148386.8764015
15,148388.9243805,0.2362190000130795,148389.1605995,1300,1303,1307,0.4581574741596419,0.509426287454215 0.5943763835316044 0.6406148302087769 0.5561862085457894 0.4737605568188901 0.3946982020334655 0.30703730878748586 0.3994582934265477 0.39252796203743845 0.4549278753120313 0.4738832561403236 0.35668475775881486 0.36811045289297584 0.21024192187779173 0.07266166400284377 -0.006517322723140119 -0.07643465827754561 -0.14593378446462288 -0.2158625718373533 -0.38990122397482707 -0.5106973354216668 -0.6807322056306389 -0.827045360769573 -0.7628083799825428 -0.8070443248307261 -0.7461829878665782 -0.6989588569711755 -0.6331934761118005 -0.5806583009384296,148388.9243805 148388.93222649998 148388.9403825 148388.9482465 148388.9563725 148388.9643115 148388.97241649998 148388.98040849998 148388.9883505 148388.9963115 148389.0042875 148389.0123995 148389.0203535 148389.02833849998 148389.0362515 148389.04447249998 148389.0523905 148389.0604015 148389.06827249998 148389.0763665 148389.0843305 148389.0923475 148389.1002625 148389.1083695 148389.1163005 148389.1243335 148389.1322495 148389.1402235 148389.1523735
16,148396.18834949998,0.25591000000713393,148396.4442595,1516,1520,1524,0.6266527771426399,0.5593238991719705 0.651916491764563 0.7445090843571557 0.8405257816667908 0.8674796746175849 0.9600722672101774 1.0309529628357652 0.9383603702431724 0.8457677776505801 0.7531751850579874 0.6605825924653949 0.5716535000228471 0.47906090743025437 0.38646831483766186 0.20220905557840257 0.01702387039321745 0.003963048215130103 -0.16000469916410223 -0.3315367395570132 -0.3934310360530159 -0.48196769813710083 -0.5687790265128819 -0.660351452496452 -0.7477578615039837 -0.8403504540965763 -0.92888132680359 -0.8381405860628492 -0.7455479934702566 -0.8002880279664638 -0.7501303109857769 -0.6619364363175849 -0.6307404359181722,148396.18834949998 148396.1963675 148396.2042295 148396.2123625 148396.2203935 148396.2284035 148396.2362425 148396.2444255 148396.2524565 148396.2604595 148396.2682665 148396.27631349998 148396.2843695 148396.2923865 148396.3002275 148396.30842649998 148396.3163335 148396.3244195 148396.3322975 148396.34028449998 148396.3483745 148396.3563635 148396.36426049998 148396.37223449998 148396.3803585 148396.3883265 148396.39637049998 148396.4043045 148396.4122895 148396.42028249998 148396.4283715 148396.4362415
17,148402.3364835,0.21592399998917244,148402.55240749998,1700,1703,1706,0.6085066503970942,0.5057956113933335 0.5206840212622164 0.6028944229561962 0.6941681799989045 0.7312398683065607 0.8021041009085035 0.7705188159513242 0.8394231365069487 0.7129012807177826 0.712123026893917 0.5302901899392352 0.3581796092034988 0.1789184358404138 0.12777758950318807 -0.05200981008903475 -0.22984947890160984 -0.38389815795318577 -0.5513818619108493 -0.6733562661222469 -0.8384037842817109 -0.8426088408034105 -0.9766983640507837 -0.885957623310043 -0.8193116058999061 -0.7385670369515135 -0.7213988266852525 -0.6292196143799714,148402.3364835 148402.3444175 148402.3523995 148402.3604715 148402.3683935 148402.37641949998 148402.38438049998 148402.3925075 148402.4004515 148402.4084095 148402.4164075 148402.42443349998 148402.4324495 148402.4405415 148402.4484185 148402.4563875 148402.4644385 148402.4724735 148402.4804785 148402.48834349998 148402.4963835 148402.5044065 148402.51238549998 148402.52038149998 148402.5283935 148402.53644949998 148402.5444215
18,148403.5843805,0.13184200000250712,148403.7162225,1737,1739,1741,0.5113696538955299,0.5940059489116176 0.6934234278615529 0.7901709940140548 0.8460886775889432 0.9471752484720266 0.7705906722361494 0.7588630758507829 0.6180278414383426 0.4676991986461707 0.31595933310471264 0.1539647147065407 -0.00593737225781928 -0.14650539021741396 -0.27382678085947404 -0.36465951872033037 -0.435016267442548,148403.5843805 148403.59249749998 148403.60036349998 148403.6083815 148403.6162465 148403.6244915 148403.6323845 148403.6443745 148403.6523365 148403.6604335 148403.6683555 148403.6763695 148403.6843375 148403.69249249998 148403.7003385 148403.7083695
19,148403.7883175,0.19193400000222027,148403.9802515,1743,1746,1749,0.5034235789544051,0.5029452812892418 0.5029452812892418 0.5029452812892419 0.5029452812892418 0.41127861462257514 0.3378405099665676 0.19032651558823138 0.0674323620374122 0.11783508545575416 -0.02212530730194416 -0.17941554632698944 -0.3122148880497604 -0.4384038290737282 -0.5236426986171571 -0.6133130024122296 -0.7046969011119547 -0.7972894937045474 -0.88988208629714 -0.8045584922341954 -0.7719132766434007 -0.8129916324414156 -0.7644674911297702 -0.6867794097328195 -0.6239776270011629,148403.7883175 148403.7963955 148403.80423349998 148403.81230249998 148403.8202475 148403.8283995 148403.83627549998 148403.84437049998 148403.85224749998 148403.8603595 148403.8683135 148403.87639249998 148403.88431649999 148403.8924295 148403.9003515 148403.90836549998 148403.9162775 148403.9244195 148403.9323475 148403.9402775 148403.94825349998 148403.9563425 148403.9643015 148403.9722875
20,148409.3483515,0.19194200000492856,148409.5402935,1909,1912,1915,0.6098917733539845,0.5100904919078785 0.6019001995671405 0.6909589983394578 0.7835515909320506 0.8761441835246431 0.9637225574513001 0.9342501743320434 0.918344015403439 0.7529711038524063 0.5788745540061013 0.423592367868796 0.263516207746949 0.10173584045200185 -0.06235448277542125 -0.22857146109579024 -0.4029179665876121 -0.5735621406071079 -0.7493523644175154 -0.76182355455257 -0.8118381373476615 -0.7443125957582454 -0.6736185669396023 -0.636819967246092 -0.5925790377838005,148409.3483515 148409.3563825 148409.3643475 148409.3723075 148409.3804235 148409.38825649998 148409.3963315 148409.4042345 148409.4122665 148409.4202755 148409.4283685 148409.43626249998 148409.4442885 148409.4523205 148409.4603635 148409.4682385 148409.4763565 148409.4843275 148409.4924205 148409.50031849998 148409.50832649998 148409.5162435 148409.52451249998 148409.53230949998
21,148410.9284175,0.41995899999164976,148411.34837649998,1956,1962,1969,0.3458582923011014,0.5387331263272033 0.5607782877643087 0.5529521592599698 0.5724953246699763 0.5416972735776164 0.4491046809850239 0.3565120883924312 0.46128110789902693 0.4549672706621987 0.43585304897452876 0.281800851955385 0.3204425075233887 0.28933994844255845 0.2727795760634673 0.3370082940164265 0.33185286201291087 0.30172258438365895 0.30172258438365906 0.30172258438365895 0.21005591771699236 0.11055642086840947 0.07607202945726406 0.2396048056979822 0.17756083106035686 0.1496430281746302 0.12247069175079164 0.05404559709828825 -0.03768474351014284 -0.06334773027875938 -0.06334773027875935 -0.06334773027875937 -0.06334773027875933 0.056677868565308855 0.056677868565308834 -0.11675518622171692 -0.190425324033307 -0.24400128460763362 -0.3072346270432586 -0.3785851783570826 -0.33713507443919705 -0.35901320765669087 -0.43134173873651294 -0.510148014307347 -0.5862248110686125 -0.7331640034255871 -0.8244566959809086 -0.7337159552401681 -0.6723049420343219 -0.6564577061162769 -0.6066182227492044 -0.548896698422315 -0.540945643959222,148410.9284175 148410.9363295 148410.94438149998 148410.95224349998 148410.96042649998 148410.9684295 148410.97645649998 148410.98424249998 148410.9933405 148411.0003545 148411.0083765 148411.0163285 148411.02443249998 148411.0323685 148411.0404155 148411.04830249998 148411.05622949998 148411.0643525 148411.07238949998 148411.0802545 148411.0883365 148411.09640049998 148411.10425849998 148411.1123565 148411.12442849998 148411.13230949998 148411.1403905 148411.1482575 148411.1561995 148411.1643335 148411.17223149998 148411.1803225 148411.1883105 148411.1964175 148411.2043085 148411.2123285 148411.2202565 148411.2284275 148411.2363815 148411.2443425 148411.2523415 148411.26043249998 148411.2683735 148411.2763755 148411.28421349998 148411.2924635 148411.3003405 148411.3083435 148411.3162715 148411.3243095 148411.3323205 148411.3405055
22,148416.8123005,0.21614400000544265,148417.0284445,2132,2135,2138,0.6443857550349953,0.58552305455561 0.6706911104696768 0.7632837030622691 0.8428345013547823 0.9269145020732168 1.004005990646503 1.057554091568346 0.8900525040689347 0.8043871025837033 0.7117945099911106 0.5284108208878076 0.3600754603784298 0.20921689918051325 0.057643474090641814 -0.11540091274657555 -0.28017367604298554 -0.44695991183465095 -0.6119685936264508 -0.7513036398383294 -0.6880076751153683 -0.7806002677079606 -0.8731928603005532 -0.7780209281419065 -0.7191279849009283 -0.6951886402828727 -0.6571967831957023 -0.5888857872990452,148416.8123005 148416.8202325 148416.8283535 148416.8363415 148416.84435549998 148416.8522305 148416.8603725 148416.86828949998 148416.87634649998 148416.8843605 148416.89239949998 148416.9003295 148416.9083215 148416.9162215 148416.9243655 148416.9323245 148416.94107149998 148416.9482885 148416.9563235 148416.9642935 148416.9723035 148416.9802615 148416.9883425 148416.9963595 148417.0042655 148417.01222849998 148417.0202065
23,148417.1323065,0.2120930000091903,148417.3443995,2141,2144,2148,0.5791424809535773,0.5205623019353016 0.6255808459116263 0.7431084566374528 0.8309592900181166 0.887780055707684 0.8790834786443706 0.7909220774696841 0.6983294848770916 0.5389501710380988 0.5205746337899888 0.3510112189160886 0.34821319206704127 0.18551661307871897 0.015786647374260276 -0.14710596466799014 -0.3202150004689946 -0.4852778176275168 -0.6109873938148274 -0.7035799864074198 -0.7946584388974142 -0.7446993744683806 -0.7292140618682835 -0.6623536664191044 -0.7012074881049625 -0.6422103029630104 -0.5798165416195844,148417.1323065 148417.14041649998 148417.1482885 148417.1563405 148417.16428149998 148417.1723225 148417.18029249998 148417.1882945 148417.2003805 148417.2083865 148417.21624349998 148417.2246845 148417.2323555 148417.24041149998 148417.24832749998 148417.2564045 148417.26435749998 148417.2724095 148417.2803285 148417.2883175 148417.2963325 148417.3043875 148417.3123655 148417.3202505 148417.32859249998 148417.3364225
24,148418.4243475,0.2599869999976363,148418.6843345,2180,2184,2188,0.5155237225913734,0.5241312909904836 0.6274258478819603 0.723047669938907 0.7903705974315431 0.8067135563498674 0.660029073683923 0.6969564702984223 0.6062562865448083 0.6587563237375388 0.7357219401714815 0.6436154400138782 0.5604585938261454 0.4750050482204506 0.38241245562785803 0.28981986303526536 0.20986210299265107 0.07379888492768137 0.12345688092627483 -0.02363404368951496 -0.09990733157744139 -0.22302833105468514 -0.3811837086834288 -0.4408651330716079 -0.5089408396330144 -0.5858597065322926 -0.6499884873387987 -0.7120939443268153 -0.7771998936138769 -0.6976679691253334 -0.6841692019909843 -0.5956802567364113 -0.5287019489506,148418.4243475 148418.4323675 148418.4412985 148418.4483725 148418.4562365 148418.4643505 148418.4723565 148418.48029049998 148418.48829349998 148418.4964065 148418.5043825 148418.5123615 148418.52024349998 148418.5283295 148418.5363565 148418.5444275 148418.55236849998 148418.5604045 148418.5683395 148418.57641349998 148418.5843205 148418.5923845 148418.60433449998 148418.6123835 148418.6203085 148418.6283485 148418.6363405 148418.6443695 148418.6523445 148418.66035649998 148418.6683665 148418.6764725
25,148425.7363615,0.25600399999530055,148425.9923655,2398,2402,2406,0.5676609315421887,0.5089894709607133 0.603563211566668 0.6044891374925941 0.6984939352073217 0.7854659312144641 0.8368255206675606 0.832442040560218 0.7456880706171362 0.6530954780245436 0.5605028854319509 0.6185340559197626 0.5938155902913153 0.5012229976987226 0.4086304051061301 0.4090461673532803 0.26290566148309713 0.10101756983061541 -0.022059950787116697 -0.14793940849045986 -0.229534039014424 -0.30397371142270463 -0.3897407388272778 -0.5518458852245248 -0.6717540668300404 -0.7575004478479375 -0.8378216692878641 -0.8414309715599424 -0.8269277375973536 -0.7753087354847177 -0.765698468887535 -0.6947412585586912 -0.6241445901033554,148425.7363615 148425.7444315 148425.7523305 148425.7603575 148425.7683815 148425.7764145 148425.7842805 148425.7924055 148425.8003185 148425.8084405 148425.8163745 148425.8243595 148425.8322495 148425.8404615 148425.8483895 148425.8562785 148425.8643095 148425.8723705 148425.8803425 148425.8883995 148425.89622949998 148425.90433649998 148425.9123815 148425.9203525 148425.92839649998 148425.9364015 148425.9444065 148425.9523525 148425.9603635 148425.96822749998 148425.9765085 148425.9843435
26,148432.8203795,0.23987300001317635,148433.0602525,2610,2613,2617,0.5367681232203702,0.5117844549547661 0.5753250207015681 0.5871708371141674 0.6654143289404014 0.7479621701890903 0.7831496452964243 0.8268046500626768 0.9152714407215907 0.8315739362541564 0.741788716911536 0.6491961243189436 0.4734981399395416 0.2997587492828836 0.2221212711255575 0.21752981859080484 0.07626729614060511 -0.05546856074565809 -0.16648806172532885 -0.3000296965145484 -0.46115692307056616 -0.5370428580327329 -0.6136948396160807 -0.6953241788077295 -0.6120407800963042 -0.5285374601070443 -0.6092000561120248 -0.6286924389441956 -0.5950104998986075 -0.5945115869460431 -0.5812291554495289,148432.8203795 148432.8283425 148432.8362225 148432.8443835 148432.8523725 148432.8603345 148432.8682235 148432.8763865 148432.8843225 148432.89236149998 148432.9002945 148432.9083635 148432.9163665 148432.92440249998 148432.9322255 148432.9403775 148432.9482405 148432.9563385 148432.9642885 148432.9722035 148432.98038549998 148432.9883565 148432.9962505 148433.00420949998 148433.01238549998 148433.0203875 148433.0283595 148433.03630749998 148433.0443865 148433.0522865
27,148433.5803645,0.24000900000100955,148433.8203735,2632,2635,2639,0.5372459565349008,0.5668613431513382 0.6545657477880038 0.7505239056099415 0.7996208209770659 0.8220906859111596 0.8655654307785547 0.7735103506649674 0.6907337655540556 0.6017788444321052 0.5119792371905101 0.5581523271773142 0.46555973458472155 0.3188569457215335 0.1370417804402377 -0.025700506480309648 -0.10224971623086916 -0.12664848789761268 -0.25519066720837613 -0.32575210821485984 -0.40198075884658796 -0.4814404558547208 -0.5570562327644429 -0.7047264415216682 -0.7967357088430076 -0.7512050533391924 -0.6604643125984518 -0.611872039866459 -0.6042014067374121 -0.619913973704261 -0.5753999059572864,148433.5803645 148433.5883135 148433.5962955 148433.60425849998 148433.6123545 148433.6204025 148433.6284195 148433.6363025 148433.6443665 148433.6523825 148433.6604145 148433.6682935 148433.6763505 148433.6843225 148433.6924415 148433.7003085 148433.7082385 148433.7162425 148433.72435049998 148433.7323215 148433.7404125 148433.74831249999 148433.75629649998 148433.7642625 148433.77229949998 148433.7802665 148433.7883535 148433.7962285 148433.8042505 148433.81231049998
28,148436.7963235,0.1801149999955669,148436.9764385,2728,2731,2734,0.6104419674759293,0.5958443766352755 0.6987625743465844 0.7595189519464419 0.8528206766793569 0.9073814373701694 0.7558245620486707 0.6146339956501914 0.4526919783510338 0.32081218176658644 0.14826908654877588 -0.013291174038492554 -0.19092782280822446 -0.3604118972771903 -0.5357777746494374 -0.7001411092257264 -0.8773915818237246 -0.9164130323932654 -0.8376970161097267 -0.8049680173603819 -0.7443027962343908 -0.7103455113246835 -0.6314957298821119,148436.7963235 148436.8042475 148436.8123095 148436.8202345 148436.8283735 148436.8403545 148436.8483045 148436.8563435 148436.8643855 148436.8722475 148436.8802745 148436.88822249998 148436.89635149998 148436.9043145 148436.9122655 148436.9202235 148436.9283005 148436.93624749998 148436.9443245 148436.95223149998 148436.9604005 148436.9683795
29,148438.2923755,0.16796099999919534,148438.4603365,2773,2775,2778,0.5876988761592583,0.5646478753049633 0.6439860119514459 0.7298781428826643 0.7813595520879949 0.7952249989116096 0.7880014231952309 0.6183420338053452 0.4553935644844122 0.2820226269780544 0.10496938074485601 -0.06990703211481336 -0.1648367169481201 -0.34443021380057104 -0.5165850068334643 -0.6905084407642498 -0.8470976243067133 -0.8480235502326392 -0.8804596636428084 -0.8104831263268746 -0.7429646072961976 -0.6625548067313966,148438.2923755 148438.3003175 148438.3083365 148438.3163205 148438.3243335 148438.3323595 148438.3404545 148438.34829249998 148438.35635249998 148438.3643215 148438.3723265 148438.3803045 148438.3883535 148438.3962775 148438.4042885 148438.4123155 148438.4203455 148438.4282965 148438.4363255 148438.4444485 148438.4523375
30,148440.6162655,0.21610900000086986,148440.8323745,2842,2845,2849,0.5814554138705783,0.5545788579505315 0.6421967365111984 0.6922106237399946 0.7848032163325871 0.8664019198406109 0.8955672451820123 0.8029746525894194 0.7103820599968269 0.6177894674042342 0.5919504517350787 0.5071521377818206 0.3448648550588528 0.2375639903872938 0.0695051733538794 -0.013519636642421562 -0.1875206118009009 -0.3626357191871015 -0.5102568651419398 -0.5970857548121353 -0.686028037541814 -0.7753353766449476 -0.7859876109552866 -0.7980469165083697 -0.743049639027785 -0.7070494362034431 -0.6309632185969338 -0.5838759635781982,148440.6162655 148440.6244035 148440.63227849998 148440.6402525 148440.6483825 148440.6564205 148440.6642945 148440.6722295 148440.6803875 148440.68825449998 148440.6962865 148440.7042295 148440.71223449998 148440.7203305 148440.7283585 148440.7362295 148440.7442325 148440.7523665 148440.7603795 148440.7682305 148440.7762605 148440.7842305 148440.7923675 148440.8002465 148440.8083575 148440.8164125 148440.8243965
31,148440.9283425,0.19604599999729544,148441.1243885,2852,2854,2857,0.4278729559706782,0.5145914230411764 0.5848531796202577 0.5582981704248025 0.6540854856626485 0.5651432029329697 0.6382269066076814 0.5476972969981481 0.38841850846694004 0.3361558888882921 0.18008992926693337 0.0838798350835549 0.06510758155974022 -0.0004549731989325725 -0.15876029036239991 -0.16828624893064767 -0.34137225515341957 -0.4236864903461775 -0.5858339055062365 -0.6689195241434626 -0.6004007441858462 -0.6067721065831265 -0.5544913439018719 -0.5227582660817719 -0.5206673863492397,148440.9283425 148440.9363175 148440.94432049998 148440.9523335 148440.9603905 148440.96828449998 148440.97625449998 148440.98426149998 148440.9924685 148441.00028849998 148441.0083955 148441.0162825 148441.0244005 148441.03224549998 148441.04428449998 148441.05236449998 148441.0603665 148441.0682965 148441.07633749998 148441.0843735 148441.0924315 148441.10024949998 148441.1083495 148441.11634449998
32,148446.72441949998,0.21580000000540167,148446.9402195,3025,3028,3031,0.5544251703316433,0.5542574141076582 0.644842974818 0.7261682254612709 0.8155501090030138 0.8617726721461436 0.854510936689358 0.807654916905455 0.7220069166651291 0.5634558366593667 0.47086324406677427 0.3782706514741817 0.3405529860654113 0.18907996720724354 0.028584328359892594 -0.1291717595967126 -0.2946699003821417 -0.43793175026236025 -0.47901884447252346 -0.5199693381526297 -0.610509251639181 -0.5699030991142827 -0.6551495627309716 -0.7413338668005613 -0.7203070516812595 -0.6698978141375177 -0.623657684181025 -0.560388496174306,148446.72441949998 148446.73222049998 148446.7403225 148446.7483135 148446.7564515 148446.7643555 148446.7722625 148446.7803095 148446.78832949998 148446.7963505 148446.80419149998 148446.8123285 148446.8203415 148446.8285285 148446.8362415 148446.8443645 148446.85235149998 148446.8603425 148446.86827849998 148446.8763535 148446.8842825 148446.89234649998 148446.9002555 148446.90823449998 148446.91621949998 148446.92436449998 148446.9322525
33,148448.00428249998,0.24394300000858493,148448.2482255,3063,3066,3070,0.5927260372030825,0.5014087458434077 0.5817999696272539 0.679740539301781 0.7773258487366012 0.7555489165078981 0.8085647093192567 0.8635562625498656 0.7709636699572731 0.6866489042037037 0.594056311611111 0.5106359742608311 0.5021013452249518 0.3914939836521918 0.23793484637847392 0.08168105486079233 -0.09846331032625211 -0.12043242898718597 -0.27580976179818845 -0.43884485046710264 -0.5296443477005993 -0.6221896649795672 -0.71478225757216 -0.8073748501647525 -0.9339323907271704 -0.8760411439403463 -0.8303974964285461 -0.7824543458729001 -0.6992051897510457 -0.6906508414833633 -0.6180971538579021,148448.00428249998 148448.0122425 148448.0202275 148448.0284215 148448.03629649998 148448.0443375 148448.0564765 148448.0643065 148448.0722345 148448.0802105 148448.08833549998 148448.0963215 148448.1045115 148448.1122325 148448.1202875 148448.1282935 148448.13626549998 148448.1442445 148448.1522085 148448.1603695 148448.16835649998 148448.1769195 148448.1842205 148448.1924655 148448.2002565 148448.2083375 148448.21624049998 148448.22441949998 148448.23232749998 148448.2403025
34,148454.2442995,0.23994800000218675,148454.4842475,3249,3252,3256,0.6492622964667325,0.5225820620162019 0.6063871418295584 0.6986946586516671 0.7931726179048368 0.8620970449373075 0.9585866922992747 0.9651505382210004 0.8769669177592893 0.7847682511602276 0.8109029242978651 0.6651937805526236 0.582745043063771 0.4901524504711784 0.31254660383656085 0.16038998041125377 0.0004254631004402137 -0.16025348762433805 -0.32454338066870375 -0.4599688838808365 -0.5509356604461058 -0.6430841542835328 -0.7950002652634118 -0.774879770366567 -0.8607362764846349 -0.9533288690772274 -0.8625881283364868 -0.8336173790465856 -0.7914661222027362 -0.7146791029852804 -0.6620252428224748,148454.2442995 148454.25237049998 148454.2603575 148454.2682745 148454.2763495 148454.2842855 148454.29235849998 148454.3003555 148454.3083635 148454.31633449998 148454.3243605 148454.33222749998 148454.34034949998 148454.3481905 148454.3563905 148454.3643445 148454.37232949998 148454.3802395 148454.38827149998 148454.3962175 148454.4043715 148454.4122815 148454.42033649998 148454.4283405 148454.4363675 148454.4443115 148454.4522155 148454.4603795 148454.4682155 148454.4763295
35,148455.52425349999,0.23611800000071526,148455.7603715,3287,3290,3294,0.5144208330420128,0.563581349055119 0.6561739416477117 0.6810706015278257 0.7029938808495543 0.7746600994658986 0.7349557015932563 0.6423631090006637 0.5497705164080712 0.4571779238154786 0.44261506865126865 0.49883864181164944 0.4102470224372459 0.23705476089149952 0.059032089262618215 0.03349856635139369 0.0035301489963402493 -0.16460038677400532 -0.2758469097039386 -0.3657892038423877 -0.4552216023205779 -0.5478141949131704 -0.6794216562199543 -0.8464223316890335 -0.7980838832089252 -0.7294771378952101 -0.6512095724152249 -0.6748325062331183 -0.6806655094881976 -0.6012558417490358,148455.52425349999 148455.5363565 148455.5443975 148455.5522555 148455.56040649998 148455.56831149998 148455.5763995 148455.58427649998 148455.5924075 148455.60032149998 148455.6083845 148455.61624849998 148455.6243035 148455.6323275 148455.6403225 148455.64827449998 148455.6562915 148455.66436149998 148455.6723325 148455.68024249998 148455.68825849998 148455.6963315 148455.70432249998 148455.7122975 148455.7202435 148455.7283895 148455.7363745 148455.7444615 148455.75225249998
36,148462.8923525,0.26796199998352677,148463.16031449998,3507,3511,3515,0.5888252464546891,0.5295263974322606 0.5624585926981941 0.6592027039888783 0.74511337858736 0.8154581291153424 0.8555379203521494 0.9442298528430904 0.8644728776691403 0.7797587000871411 0.6948615141698875 0.6050088919081337 0.5124162993155411 0.4368102357553378 0.45163310540970186 0.3647993149131583 0.22678231339711066 0.05494625156623693 -0.07844148734154179 -0.24867302352591925 -0.31772533563512473 -0.37953736116449144 -0.45186527412207145 -0.5296182142028554 -0.6097934428957225 -0.6889590958419122 -0.8183941031934827 -0.90184526387164 -0.8819230593025889 -0.7911823185618483 -0.7419342015741254 -0.6726313512747141 -0.6233622898770909 -0.5923308314109498,148462.8923525 148462.90037649998 148462.90847549998 148462.91642649999 148462.9245085 148462.9322755 148462.94037949998 148462.9482435 148462.9563605 148462.9642845 148462.9723435 148462.9803415 148462.9883155 148462.9963085 148463.0043025 148463.0162945 148463.0244395 148463.0323415 148463.0403735 148463.0483155 148463.05635949998 148463.06422549998 148463.0725545 148463.0802415 148463.0882845 148463.0963595 148463.1043585 148463.11233049998 148463.1202755 148463.12823049998 148463.1363235 148463.1442905 148463.15230649998
37,148469.8963125,0.1880399999790825,148470.08435249998,3716,3719,3722,0.4659764747609986,0.5477549247446379 0.6035794870999621 0.5925886398390983 0.6508326982185186 0.558240105625926 0.5799217035683734 0.4873291109757808 0.41689796367702103 0.43376206410676765 0.35468144160150916 0.27885684423397517 0.09995752625416263 -0.06077326395472447 -0.21715847819518716 -0.20111222523809025 -0.3514441738804679 -0.4440367664730601 -0.5914056495678599 -0.6839982421604528 -0.6501715573999615 -0.6633528919131664 -0.6349413583676019 -0.6146618024066641,148469.8963125 148469.90434349998 148469.9123965 148469.9203675 148469.9282905 148469.9363845 148469.9443715 148469.9523245 148469.9603295 148469.9683185 148469.9763935 148469.9843285 148469.99233349998 148470.00031849998 148470.0083545 148470.0163845 148470.02837749998 148470.03751949998 148470.0443705 148470.0523935 148470.06041449998 148470.0683055 148470.0763825
38,148470.6244105,0.2797990000108257,148470.9042095,3738,3742,3746,0.5695120124146137,0.5688602942213095 0.6614528868139019 0.7540454794064945 0.8466380719990871 0.9392306645916796 0.9496307148079307 0.8570381222153381 0.7644455296227455 0.6718529370301529 0.5970451083242662 0.5680097597411153 0.5431767428157274 0.4505841502231348 0.35799155763054225 0.26539896503794974 0.17280637244535715 0.08021377985276457 -0.06294920821832388 -0.14943236335407897 -0.21748413423544924 -0.2947261521315363 -0.24599633007137853 -0.36510054160047445 -0.4881881177425382 -0.572536366957205 -0.6651289595497976 -0.7571974341516136 -0.8497900267442063 -0.942382619336799 -0.8516418785960582 -0.7712681609171403 -0.7231468255873077 -0.6535271434872236 -0.678030810753504 -0.5959722242973466,148470.6244105 148470.6322265 148470.6403455 148470.6482355 148470.65633549998 148470.6642155 148470.67244949998 148470.6803295 148470.68834649998 148470.69627649998 148470.7042055 148470.7123065 148470.72024249999 148470.7282245 148470.73618849998 148470.7443625 148470.7522405 148470.7603065 148470.7681995 148470.77635849998 148470.78422849998 148470.79249949998 148470.80021349998 148470.8084825 148470.81633849998 148470.82436549998 148470.8322115 148470.8402635 148470.8483135 148470.8565035 148470.86420749998 148470.8722745 148470.88038349999 148470.8883305 148470.89631349998
39,148477.2403445,0.21594500000355765,148477.4562895,3935,3938,3942,0.6811731269166628,0.5282440119319489 0.6140895850128595 0.7156845264964632 0.8095188714839792 0.9070978065331774 0.9943410864582765 1.0396637795148067 0.9610901000323115 0.8727713646712124 0.78017877207862 0.5959195128193606 0.45241745622069734 0.2923732011406509 0.12438115234728203 -0.046946306140334515 -0.22370964200408364 -0.40037142369482254 -0.5706845656589223 -0.730771791272693 -0.8233643838652855 -0.9159569764578782 -1.0030988512215788 -0.9123581104808381 -0.8807250645425582 -0.8129976919403781 -0.7274484863987675 -0.6554699063301084,148477.2403445 148477.24835349998 148477.2566855 148477.2643335 148477.27237249998 148477.28042249999 148477.28834149998 148477.29626149999 148477.30421449998 148477.3123415 148477.3203305 148477.3282475 148477.3363105 148477.3443225 148477.3522945 148477.3604525 148477.36823649998 148477.3763755 148477.3842715 148477.3925195 148477.4002265 148477.4083775 148477.4163295 148477.4244235 148477.4322245 148477.44031449998 148477.4483395
40,148481.4042645,0.2640620000020135,148481.6683265,4059,4063,4067,0.6461247877057723,0.5284055570761362 0.6147551867696971 0.7073477793622898 0.8087908228238421 0.8969278964731425 0.9776364211682917 1.034598609915486 0.9471792810493043 0.8545866884567116 0.7619940958641193 0.6877455887971099 0.5996077535329039 0.5070151609403114 0.3559675333983986 0.26337494080580603 0.07911568154654686 -0.0838815366472845 -0.22040609140323694 -0.36876686477235504 -0.4435770462752976 -0.5232053140491731 -0.6041086686674576 -0.6950844466378775 -0.78767703923047 -0.8802696318230627 -0.8437702896725866 -0.9363628822651793 -0.8456221415244385 -0.7905230670371054 -0.7596590865848857 -0.6982914578339081 -0.6412636874206155 -0.574599744465457,148481.4042645 148481.4124405 148481.4202155 148481.42823649998 148481.4363525 148481.4442965 148481.4522295 148481.4602605 148481.4682525 148481.47637249998 148481.48420049998 148481.4924655 148481.50021949998 148481.5083775 148481.51623049998 148481.5242125 148481.5321895 148481.5403625 148481.54838249998 148481.5562085 148481.5642495 148481.5730375 148481.58028949998 148481.5882765 148481.59628149998 148481.6042095 148481.6122715 148481.62019249998 148481.62823849998 148481.6363165 148481.64434949998 148481.6522135 148481.66026049998
41,148485.1162995,0.24796300000161864,148485.3642625,4170,4174,4178,0.6884689172465028,0.5454552449561929 0.6380478375487855 0.7306404301413781 0.8232330227339706 0.9158256153265633 1.008418207919156 1.1010108005117487 1.008418207919156 0.9158256153265634 0.8232330227339708 0.7306404301413782 0.6380478375487856 0.5555555555555555 0.39837863511778643 0.21411937585852722 0.045504607538867405 -0.13559318361189676 -0.3058496128602827 -0.47579886846802893 -0.5539365565308381 -0.6378157889374542 -0.7270777181315866 -0.8196703107241793 -0.9122629033167718 -1.0048554959093643 -0.968279432811604 -0.8775386920708633 -0.8180869332093214 -0.7336691286855705 -0.6709340479665767 -0.6088133145288619,148485.1162995 148485.12442849998 148485.1323565 148485.14029749998 148485.1482495 148485.1563945 148485.1643025 148485.1723305 148485.1802375 148485.1883135 148485.19631949998 148485.2042755 148485.2122585 148485.2203085 148485.2282445 148485.2363235 148485.24422249998 148485.2523005 148485.2604575 148485.26845049998 148485.2764075 148485.28432449998 148485.29238949998 148485.3003115 148485.3083245 148485.31635749998 148485.3244845 148485.3323055 148485.3402955 148485.3484045 148485.3564325
42,148489.2162185,0.2159819999942556,148489.43220049998,4292,4295,4299,0.6747900116531936,0.5566995508140986 0.6543175269056247 0.7409432144076734 0.8203043043613429 0.9305048540786457 0.9896786124617964 1.0271121064821873 0.8452003320058186 0.6950336703547724 0.5227344850699106 0.3497340014687292 0.1673278000619677 -0.00114496571046324 -0.18620180222723198 -0.3636217274047708 -0.5421911612704946 -0.7273763464556796 -0.8958521145361438 -1.053457750435228 -0.9627170096944877 -0.9232448271027316 -0.851226703767423 -0.7800674392117392 -0.6844304731598606 -0.5986275118810158,148489.2162185 148489.22432049998 148489.2321965 148489.24044949998 148489.2484145 148489.27876649998 148489.2816195 148489.2883675 148489.2963465 148489.3043475 148489.3124155 148489.32035249998 148489.3282775 148489.33629449998 148489.3443565 148489.35236249998 148489.36035149998 148489.36830849998 148489.3764125 148489.3843975 148489.39234249998 148489.4002295 148489.4084845 148489.41625749998 148489.4242755
43,148490.4322925,0.243904000002658,148490.6761965,4329,4332,4336,0.6025723931636195,0.5734599298901024 0.6660525224826952 0.668310105942056 0.7118467136043425 0.8044393061969348 0.8970318987895275 0.9541468465147529 0.8615542539221603 0.768961661329568 0.6763690687369754 0.5837764761443828 0.49118388355179027 0.30692462429253115 0.13790743631746005 0.16093851734904466 0.08923005489990597 -0.0763276629355557 -0.2615128481207408 -0.42878271489632386 -0.5213753074889165 -0.6084245908521178 -0.7010171834447102 -0.7936097760373028 -0.8862023686298954 -0.7954616278891546 -0.7352050297167904 -0.7887021497614971 -0.7758950478500787 -0.7225573899569334 -0.6299647973643406,148490.4322925 148490.4403935 148490.4482285 148490.4563845 148490.4642825 148490.4727825 148490.48021749998 148490.4882645 148490.49640849998 148490.50426249998 148490.5123475 148490.5203015 148490.52837349998 148490.53631149998 148490.5443095 148490.5523085 148490.5604005 148490.5681865 148490.5762935 148490.58431049998 148490.5962635 148490.6042405 148490.6123125 148490.62035749998 148490.6282715 148490.6361945 148490.64432249998 148490.6522275 148490.6603355 148490.6681945
44,148492.6122755,0.20799199998145923,148492.82026749998,4394,4397,4400,0.6031422654260673,0.5691846806360437 0.6617772732286361 0.7543698658212287 0.8456300959209421 0.8941063879483094 0.801513795355717 0.7923014602508988 0.6318696657486946 0.5063976940955689 0.5971384348363095 0.45768892099475106 0.3504671087641818 0.16559639326967274 -0.005945757837055648 -0.17347775259488446 -0.3567408866682125 -0.5109152652928813 -0.6035078578854738 -0.7377905792219536 -0.6946032966065417 -0.7214371310780678 -0.9056963903373272 -0.8373605223054366 -0.7851385050790408 -0.6931748518678004 -0.6278683274321214,148492.6122755 148492.6201945 148492.6283925 148492.63631449998 148492.6442935 148492.6522985 148492.6603245 148492.66821049998 148492.67634449998 148492.6841855 148492.6923165 148492.70029449998 148492.7083085 148492.7161745 148492.72433949998 148492.7322925 148492.7403785 148492.7482485 148492.7563485 148492.7643525 148492.7723755 148492.7803045 148492.7882745 148492.79637149998 148492.8043175 148492.8122705
